{
    "tempo": 107.666015625,
    "beatTimes": [
        0.2786394557823129,
        0.44117913832199546,
        0.6965986394557823,
        0.8823582766439909,
        1.0681179138321995,
        1.207437641723356,
        1.4396371882086167,
        1.811156462585034,
        1.9969160997732427,
        2.2058956916099772,
        2.391655328798186,
        2.5541950113378684,
        2.7399546485260773,
        2.948934240362812,
        3.1346938775510202,
        3.320453514739229,
        3.4133333333333336,
        3.6687528344671203,
        3.8545124716553287,
        4.017052154195011,
        4.2260317460317465,
        4.365351473922902,
        4.6439909297052155,
        4.783310657596372,
        4.96907029478458,
        5.178049886621316,
        5.363809523809524,
        5.526349206349207,
        5.735328798185941,
        5.897868480725624,
        6.292607709750567,
        6.501587301587302,
        6.640907029478458,
        6.849886621315193,
        7.035646258503402,
        7.174965986394557,
        7.4071655328798185,
        7.778684807256236,
        7.9412244897959186,
        8.150204081632653,
        8.335963718820862,
        8.52172335600907,
        8.70748299319728,
        8.893242630385487,
        9.102222222222222,
        9.264761904761905,
        9.659501133786849,
        9.822040816326531,
        10.00780045351474,
        10.147120181405896,
        10.379319727891156,
        10.704399092970522,
        11.099138321995465,
        11.284897959183674,
        11.517097505668934,
        11.702857142857143,
        11.888616780045352,
        12.236916099773243,
        12.422675736961452,
        12.60843537414966,
        12.770975056689343,
        13.003174603174603,
        13.188934240362812,
        13.374693877551021,
        13.56045351473923,
        13.746213151927437,
        13.931972789115646,
        14.071292517006803,
        14.257052154195012,
        14.489251700680272,
        14.675011337868481,
        14.86077097505669,
        15.069750566893424,
        15.232290249433106,
        15.394829931972788,
        15.580589569160997,
        15.789569160997733,
        15.975328798185942,
        16.16108843537415,
        16.370068027210884,
        16.532607709750568,
        16.718367346938777,
        16.92734693877551,
        17.066666666666666,
        17.252426303854875,
        17.484625850340137,
        17.647165532879818,
        17.832925170068027,
        18.018684807256236,
        18.22766439909297,
        18.390204081632653,
        18.575963718820862,
        18.738503401360543,
        18.94748299319728,
        19.156462585034014,
        19.342222222222222,
        19.71374149659864,
        19.89950113378685,
        20.06204081632653,
        20.29424036281179,
        20.433560090702947,
        20.619319727891156,
        20.78185941043084,
        21.199818594104308,
        21.408798185941045,
        21.59455782312925,
        21.73387755102041,
        21.89641723356009,
        22.128616780045352,
        22.267936507936508,
        22.68589569160998,
        22.894875283446712,
        23.034195011337868,
        23.219954648526077,
        23.42893424036281,
        23.637913832199548,
        23.800453514739228,
        24.19519274376417,
        24.38095238095238,
        24.56671201814059,
        24.752471655328797,
        24.91501133786848,
        25.123990929705215,
        25.309750566893424,
        25.68126984126984,
        26.02956916099773,
        26.16888888888889,
        26.586848072562358,
        26.772607709750567,
        26.958367346938775,
        27.16734693877551,
        27.329886621315193,
        27.515646258503402,
        27.678185941043083,
        27.88716553287982,
        28.11936507936508,
        28.212244897959184,
        28.46766439909297,
        28.583764172335602,
        28.76952380952381,
        29.024943310657598,
        29.18748299319728,
        29.41968253968254,
        29.60544217687075,
        29.698321995464852,
        29.90730158730159,
        30.139501133786847,
        30.25560090702948,
        30.464580498866212,
        30.67356009070295,
        31.02185941043084,
        31.277278911564625,
        31.62557823129252,
        31.973877551020408,
        32.13641723356009,
        32.55437641723356,
        32.69369614512472,
        32.879455782312924,
        33.111655328798186,
        33.22775510204082,
        33.436734693877554,
        33.645714285714284,
        33.78503401360544,
        33.99401360544218,
        34.22621315192744,
        34.38875283446712,
        34.62095238095238,
        34.82993197278912,
        34.9924716553288,
        35.131791383219955,
        35.36399092970522,
        35.54975056689342,
        35.735510204081635,
        35.944489795918365,
        36.060589569160996,
        36.29278911564626,
        36.47854875283447,
        36.617868480725626,
        36.826848072562356,
        37.01260770975057,
        37.17514739229025,
        37.36090702947846,
        37.54666666666667,
        37.94140589569161,
        38.12716553287982,
        38.521904761904764,
        38.66122448979592,
        38.87020408163265,
        39.07918367346939,
        39.42748299319728,
        39.613242630385486,
        40.00798185941043,
        40.19374149659864,
        40.542040816326534,
        40.79746031746032,
        40.96,
        41.09931972789116,
        41.23863945578231,
        41.470839002267574,
        41.703038548752836,
        41.912018140589566,
        42.074557823129254,
        42.237097505668935,
        42.44607709750567,
        42.58539682539683,
        42.98013605442177,
        43.165895691609975,
        43.53741496598639,
        43.90893424036281,
        44.07147392290249,
        44.489433106575966,
        44.651972789115646,
        45.023492063492064,
        45.39501133786848,
        45.58077097505669,
        45.99873015873016,
        46.13804988662132,
        46.53278911564626,
        46.69532879818594,
        46.90430839002268,
        47.06684807256236,
        47.275827664399095,
        47.438367346938776,
        47.64734693877551,
        47.78666666666667,
        48.01886621315193,
        48.15818594104309,
        48.39038548752834,
        48.576145124716554,
        48.76190476190476,
        48.970884353741496,
        49.1566439909297,
        49.342403628117914,
        49.52816326530612,
        49.87646258503401,
        50.08544217687075,
        50.61950113378685,
        50.944580498866216,
        51.33931972789116,
        51.54829931972789,
        51.919818594104306,
        52.082358276643994,
        52.291337868480724,
        52.453877551020405,
        52.73251700680272,
        52.848616780045354,
        53.03437641723356,
        53.59165532879818,
        53.939954648526076,
        54.35791383219954,
        54.56689342403628,
        54.868752834467124,
        55.10095238095238,
        55.263492063492066,
        55.42603174603175,
        55.843990929705214,
        56.006530612244894,
        56.610249433106574,
        56.77278911564626,
        56.98176870748299,
        57.19074829931973,
        57.35328798185941,
        57.51582766439909,
        58.096326530612245,
        58.30530612244898,
        58.42140589569161,
        58.816145124716556,
        59.00190476190476,
        59.44308390022676,
        59.559183673469384
    ]
}